,指数名称,最新PE,PE分位,最新PB,PB分位,股息率,股息率分位,指数代码,指数开始时间,更新时间
0,养老产业,14.6,0.41,2.04,10.86,2.36,96.17,399812.SZ,2014-06-06,2024-12-13
1,道琼斯美国石油开发与生产,8.29,0.77,2.72,76.42,3.88,75.8,DJSOEP.GI,2013-03-26,2024-12-13
2,全指消费,22.33,2.18,4.59,37.02,2.7,96.17,000990.CSI,2011-08-02,2024-12-13
3,中证消费,22.2,2.26,4.59,31.02,2.75,96.38,000932.SH,2009-07-03,2024-12-13
4,澳洲标普200,14.57,3.12,2.12,62.31,4.49,57.53,AS51.GI,2014-11-24,2023-05-29
5,SHS消费龙头,18.53,4.13,4.23,21.39,3.41,96.34,931663.CSI,2015-03-13,2024-12-13
6,细分食品,21.32,4.28,5.07,31.63,3.0,96.01,000815.CSI,2012-04-11,2024-12-13
7,中国互联网50,18.06,4.51,2.61,19.16,1.28,96.96,H30533.CSI,2014-12-29,2024-12-13
8,食品饮料(申万),21.62,4.81,4.57,28.38,2.92,95.6,801120.SI,2003-10-16,2024-12-13
9,恒生互联网科技业,19.8,5.4,2.55,17.29,1.33,95.99,HSIII.HI,2015-08-17,2024-12-13
10,公用事业(申万),17.64,6.01,1.56,34.64,2.45,97.49,801160.SI,2003-10-16,2024-12-13
11,CS消费50,18.74,6.96,4.1,4.88,3.31,93.47,931139.CSI,2019-03-20,2024-12-13
12,消费红利,20.43,7.28,4.61,33.24,3.36,96.3,H30094.CSI,,2024-12-13
13,HKC互联网,22.08,7.77,2.81,8.93,1.23,99.68,931637.CSI,2021-01-11,2024-12-13
14,社会服务(申万),26.82,7.82,3.21,21.23,0.93,89.39,801210.SI,2003-10-16,2024-12-13
15,恒生科技指数,20.74,9.13,2.54,39.71,1.14,90.85,HSTECH.HI,2020-07-27,2024-12-13
16,保险Ⅱ(申万),8.52,9.46,1.17,24.76,2.61,66.23,801194.SI,2003-10-16,2024-12-13
17,消费龙头,18.9,10.19,4.3,16.51,3.09,94.29,931068.CSI,2018-11-21,2024-12-13
18,饮料指数,21.56,10.65,5.38,35.83,3.04,96.01,h30205.CSI,2013-07-15,2024-12-13
19,宁组合,29.06,11.72,4.43,21.23,1.37,94.24,8841447.WI,,2024-12-13
20,SHS互联网,29.01,12.05,4.17,26.05,0.72,96.72,930625.CSI,2015-04-21,2024-12-13
21,创新100,31.37,13.71,3.69,25.64,1.34,90.13,931159.CSI,2019-05-16,2024-12-13
22,农林牧渔(申万),24.31,13.99,2.46,6.71,0.82,33.81,801010.SI,2003-10-16,2024-12-13
23,中证白酒,20.47,14.17,5.67,29.58,3.17,96.26,399997.SZ,2015-01-21,2024-12-13
24,港股通50(HKD),8.56,15.11,0.86,16.07,4.17,86.6,930931.CSI,2017-01-16,2024-12-13
25,中证基建,8.66,15.36,0.81,8.8,2.91,93.74,930608.CSI,2015-03-31,2024-12-13
26,300医药,29.11,15.84,3.49,5.51,1.83,98.97,000913.SH,2004-12-31,2024-12-13
27,全指公用,16.61,17.77,1.78,53.89,2.62,82.06,000995.CSI,2011-08-02,2024-12-13
28,创成长,28.53,17.82,4.91,15.4,1.35,89.43,399296.SZ,2019-01-23,2024-12-13
29,有色金属(申万),19.48,18.35,2.12,23.12,1.85,93.87,801050.SI,2003-10-16,2024-12-13
30,全指可选,21.15,19.13,2.47,37.56,2.35,93.5,000989.SH,2011-08-02,2024-12-13
31,全指通信,21.83,19.25,1.99,29.04,2.05,90.95,000994.CSI,2011-08-02,2024-12-13
32,创业板指,34.59,19.62,4.14,19.91,1.2,94.12,399006.SZ,2010-06-01,2024-12-13
33,CS物流,13.98,19.89,1.34,12.82,3.87,88.85,930716.CSI,2015-07-31,2024-12-13
34,CS电池,27.39,19.92,3.22,42.34,1.56,94.88,931719.CSI,2013-07-15,2024-12-13
35,CS智汽车,34.05,19.96,3.4,18.51,0.83,80.13,930721.CSI,2015-08-05,2024-12-13
36,中盘成长,16.78,20.4,2.39,15.43,2.27,91.77,399374.SZ,2010-01-04,2024-12-13
37,创业板50,32.02,20.53,4.56,25.63,1.2,94.04,399673.SZ,2014-06-18,2024-12-13
38,恒生指数,9.06,20.77,0.95,23.6,3.96,80.66,HSI.HI,1969-11-24,2024-12-13
39,创价值,28.6,20.87,4.72,19.12,1.49,89.64,399295.SZ,2019-01-23,2024-12-13
40,300非银,13.73,20.9,1.49,26.66,1.94,53.39,h30035.CSI,2012-12-21,2024-12-13
41,A股资源,12.07,21.06,1.47,76.18,4.55,89.96,000805.CSI,2012-01-06,2024-12-13
42,细分有色,18.62,21.1,2.1,18.84,2.07,98.31,000811.CSI,2012-04-11,2024-12-13
43,养殖业(申万),16.44,21.14,2.63,1.32,0.49,27.31,801017.SI,1999-12-30,2024-12-13
44,中证有色,19.05,21.99,2.12,21.16,2.03,98.3,930708.CSI,2015-07-13,2024-12-13
45,创业板成长,33.0,22.13,4.61,37.19,1.14,93.21,399667.SZ,2013-01-07,2024-12-13
46,沪港深500,11.78,22.6,1.21,13.57,3.3,87.43,H30455.CSI,2014-11-28,2024-12-13
47,中证全指运输指数,17.32,23.57,1.4,15.51,3.11,92.76,H30171.CSI,2013-07-15,2024-12-13
48,纺织服饰(申万),21.8,23.78,1.79,37.43,3.36,94.24,801130.SI,2003-10-16,2024-12-13
49,通信设备,29.21,23.82,3.29,38.09,1.52,90.83,931160.CSI,2013-07-15,2024-12-13
50,中证农业,25.44,23.92,2.39,4.85,1.07,12.09,000949.CSI,2009-10-28,2024-12-13
51,胡志明指数,12.94,24.73,1.56,2.14,2.69,72.49,VNINDEX.GI,2000-07-28,2024-12-13
52,CS物联网,28.42,25.02,3.51,30.73,1.42,91.35,930712.CSI,2015-07-31,2024-12-13
53,中证中药,26.12,25.06,2.65,18.03,3.05,99.66,930641.CSI,2015-05-19,2024-12-13
54,中证医疗,32.86,25.3,3.65,5.55,1.55,90.62,399989.SZ,2014-10-31,2024-12-13
55,银行(申万),5.71,25.5,0.51,20.57,5.1,78.65,801780.SI,2014-02-21,2024-12-13
56,通信(申万),33.08,25.67,2.75,55.86,1.73,82.23,801770.SI,2014-02-21,2024-12-13
57,机器人,45.21,26.2,3.84,56.62,0.74,69.79,H30590.CSI,2015-02-10,2024-12-13
58,国证生物医药,36.45,26.99,2.87,4.94,1.33,96.14,399441.SZ,2015-01-20,2024-12-13
59,创业板价值,28.39,27.19,3.06,48.79,1.76,95.06,399668.SZ,2013-01-07,2024-12-13
60,50AH优选,8.76,27.52,0.95,8.85,3.89,94.48,950090.CSI,2015-12-10,2024-12-13
61,国企一带一路,12.03,27.67,1.39,36.71,3.39,84.38,000859.CSI,2019-05-16,2024-12-13
62,通信设备(申万),35.08,27.73,3.54,67.01,0.85,95.68,801102.SI,2003-10-16,2024-12-13
63,生物制品(申万),32.29,28.1,2.43,4.57,1.33,98.44,801152.SI,2003-10-16,2024-12-13
64,法国CAC40,15.75,28.45,1.84,79.05,3.21,63.55,FCHI.GI,1987-07-09,2024-12-13
65,CS医药创新,24.99,28.64,4.16,7.76,1.99,94.38,931484.CSI,2020-05-06,2024-12-13
66,中证医药,29.76,28.79,3.02,6.87,1.86,99.05,000933.SH,2009-07-03,2024-12-13
67,航运指数,8.61,28.94,1.29,13.0,5.83,84.57,H30216.CSI,2013-07-15,2024-12-13
68,CS生医,36.3,29.27,3.71,4.4,1.53,94.15,930726.CSI,2015-08-05,2024-12-13
69,上证380,15.78,29.62,1.55,13.12,2.94,97.04,000009.SH,2010-11-29,2024-12-13
70,猪产业指数,21.87,30.1,2.78,4.75,1.09,18.99,884251.WI,2015-12-31,2024-12-13
71,全指工业,21.45,30.44,1.72,25.01,2.1,95.1,000988.CSI,2011-08-02,2024-12-13
72,龙头家电,14.38,30.66,2.74,18.71,3.63,78.76,980028.CNI,2015-02-16,2024-12-13
73,全指能源,11.33,30.77,1.32,81.32,5.31,81.61,000986.SH,2011-08-02,2024-12-13
74,医疗保健,38.74,31.1,3.38,5.35,1.49,88.03,h30178.CSI,2013-07-15,2024-12-13
75,SHS科技龙头,27.65,31.93,3.97,37.74,0.97,81.16,931524.CSI,2020-07-16,2024-12-13
76,CS新能车,31.52,32.01,3.13,18.46,1.61,89.76,399976.SZ,2014-11-28,2024-12-13
77,TMT50,34.23,33.44,3.6,32.83,1.16,81.49,399610.SZ,2010-11-08,2024-12-13
78,中证传媒,32.51,33.57,2.35,27.64,2.04,86.67,399971.SZ,2014-04-15,2024-12-13
79,380价值,9.37,33.73,0.98,19.5,5.02,95.8,000118.SH,2011-10-18,2024-12-13
80,中证全指电力指数,17.54,34.18,1.79,62.16,2.52,51.83,h30199.CSI,2013-07-15,2024-12-13
81,全指医药,33.1,34.55,3.13,8.47,1.82,98.89,000991.SH,2011-08-02,2024-12-13
82,中证基建工程,8.0,34.85,0.74,9.51,3.0,92.26,399995.SZ,2015-03-12,2024-12-13
83,家用电器,16.44,35.06,2.68,12.33,3.28,89.63,930697.CSI,2015-07-07,2024-12-13
84,恒生中国企业指数,8.14,35.18,0.85,25.03,3.5,55.47,HSCEI.HI,1994-08-08,2024-12-13
85,新兴科技100,25.57,35.43,4.47,31.04,1.86,91.6,931165.CSI,2019-04-25,2024-12-13
86,医药生物(申万),32.76,36.53,2.63,8.19,1.57,97.57,801150.SI,2003-10-16,2024-12-13
87,电力设备(申万),32.46,36.77,2.49,32.29,1.46,91.81,801730.SI,2014-02-21,2024-12-13
88,深证红利,15.35,36.94,1.54,7.86,3.72,97.29,399324.SZ,2006-01-24,2024-12-13
89,通信技术,32.63,37.19,3.59,56.27,1.1,92.5,931144.CSI,2019-05-30,2024-12-13
90,沪深300周期,8.79,38.3,0.91,26.98,4.02,77.62,000968.CSI,2010-05-28,2024-12-13
91,5G通信,30.23,38.5,3.5,49.67,1.18,82.91,931079.CSI,2019-04-25,2024-12-13
92,医疗器械,37.3,38.83,3.21,5.1,1.63,87.33,h30217.CSI,2013-07-15,2024-12-13
93,家用电器(申万),15.31,38.91,2.54,23.32,3.22,85.73,801110.SI,2003-10-16,2024-12-13
94,德国DAX,16.29,39.39,1.73,60.42,2.68,31.67,GDAXI.GI,1988-01-01,2024-12-13
95,万得300除金融,19.26,39.57,2.08,44.88,2.58,93.62,881007.WI,,2024-12-13
96,SHS高股息(CNY),6.87,40.49,0.64,33.97,6.86,64.53,930917.CSI,2016-12-28,2024-12-13
97,疫苗生科,50.3,40.85,3.51,5.19,1.47,92.97,980015.CNI,2015-02-16,2024-12-13
98,CS稀金属,36.63,40.95,2.32,8.83,1.55,87.87,930632.CSI,2015-05-12,2024-12-13
99,沪深300非周期,22.04,41.05,2.46,18.39,2.14,96.59,000969.CSI,2010-05-28,2024-12-13
100,1000成长创新,26.48,41.06,2.8,12.85,1.52,88.15,931591.CSI,2020-11-09,2024-12-13
101,医药50,28.38,41.54,4.25,12.7,1.82,96.34,931140.CSI,2019-03-20,2024-12-13
102,中盘价值,11.76,42.33,1.37,53.64,4.01,95.35,399375.SZ,2010-01-04,2024-12-13
103,中证高装,33.99,42.7,2.87,34.27,1.32,91.15,930599.CSI,2015-03-02,2024-12-13
104,180金融,7.31,43.27,0.76,26.41,4.01,69.56,000018.SH,2007-12-10,2024-12-13
105,日经225,18.63,43.48,2.02,92.0,1.7,33.6,N225.GI,1949-05-16,2024-12-13
106,新能电池,26.98,43.83,3.39,9.46,1.68,69.36,980032.CNI,2015-02-17,2024-12-13
107,HKC科技(CNY),24.42,43.97,3.16,69.75,0.68,35.0,931573CNY00.CSI,2014-05-21,2024-12-13
108,1000价值稳健,17.91,44.18,1.38,33.53,2.96,87.05,931588.CSI,2020-11-09,2024-12-13
109,交通运输(申万),17.45,44.26,1.37,20.2,2.99,92.64,801170.SI,2003-10-16,2024-12-13
110,500成长创新,18.78,44.78,2.38,35.44,2.12,90.26,931590.CSI,2020-11-09,2024-12-13
111,韩国综合指数,14.08,44.94,0.88,18.77,1.98,68.52,KS11.GI,1980-01-04,2024-12-13
112,红利质量,19.47,45.23,4.34,54.41,3.01,76.22,931468.CSI,2020-05-21,2024-12-13
113,红利全收益,7.64,45.33,0.75,28.22,5.03,70.09,H00922.CSI,2004-12-31,2024-12-13
114,中证红利,7.64,45.33,0.75,28.22,5.03,70.09,000922.CSI,2008-05-26,2024-12-13
115,创业板综,60.84,45.33,3.55,22.5,0.94,93.42,399102.SZ,2010-08-20,2024-12-13
116,细分机械,31.92,45.37,2.41,36.36,1.86,93.58,000812.CSI,2012-04-11,2024-12-13
117,茅指数,20.12,45.45,3.38,33.73,2.42,91.24,8841415.WI,,2024-12-13
118,380成长,19.22,45.91,2.37,17.73,2.56,87.78,000117.SH,2011-10-18,2024-12-13
119,中证银行,6.05,45.91,0.62,25.39,5.1,78.65,399986.SZ,2013-07-15,2024-12-13
120,美容护理(申万),37.04,46.11,3.42,28.01,1.42,95.43,801980.SI,2021-12-13,2024-12-13
121,稀土产业,39.1,46.27,2.19,36.79,0.8,79.4,930598.CSI,2015-03-02,2024-12-13
122,基本面50,8.95,46.52,0.95,27.35,4.18,77.46,000925.CSI,2009-02-26,2024-12-13
123,深证成指,26.14,46.73,2.25,14.81,1.9,96.13,399001.SZ,1995-01-23,2024-12-13
124,深创100,25.83,46.8,3.8,44.42,1.62,82.52,399088.SZ,2020-02-18,2024-12-13
125,SHS创新药,35.48,46.93,3.09,13.91,1.39,92.31,931409.CSI,2020-02-20,2024-12-13
126,化学制药(申万),38.27,46.98,2.9,23.53,1.03,80.17,801151.SI,2003-10-16,2024-12-13
127,物联网50,30.73,47.14,3.53,32.82,1.55,88.32,399285.SZ,2020-02-18,2024-12-13
128,国证成长,21.01,47.39,2.67,28.14,2.32,91.11,399370.SZ,2010-01-04,2024-12-13
129,深证100,22.43,47.43,2.47,15.1,2.21,97.08,399330.SZ,2006-01-24,2024-12-13
130,中证金融,7.95,47.43,0.79,26.33,3.71,70.79,000934.SH,2009-07-03,2024-12-13
131,大盘价值,8.34,47.59,0.87,32.41,4.62,76.59,399373.SZ,2010-01-04,2024-12-13
132,建筑装饰(申万),10.38,47.96,0.81,11.6,2.52,92.76,801720.SI,2014-02-21,2024-12-13
133,全指价值,8.42,48.09,0.88,37.47,4.47,77.79,000058.SH,2010-01-04,2024-12-13
134,中盘指数(申万),22.97,48.99,1.94,30.19,1.97,93.21,801812.SI,1999-12-30,2024-12-13
135,石油石化(申万),16.52,49.47,1.27,13.2,4.51,87.12,801960.SI,2021-12-13,2024-12-13
136,CS高股息,18.6,49.57,2.64,35.31,3.65,87.54,930838.CSI,2016-06-08,2024-12-13
137,湾创100,18.56,49.59,2.3,33.03,2.19,79.55,980001.CNI,2019-04-09,2024-12-13
138,国证价值,9.21,49.81,0.95,34.59,4.31,79.1,399371.SZ,2010-01-04,2024-12-13
139,绩优策略,19.24,49.82,4.8,35.21,2.73,79.59,931067.CSI,2018-02-14,2024-12-13
140,SHS云计算,29.32,49.87,4.34,46.32,0.71,82.91,931470.CSI,2020-04-21,2024-12-13
141,中证新能,39.15,50.1,2.28,22.23,1.86,89.8,399808.SZ,2015-02-10,2024-12-13
142,上证红利,7.18,50.47,0.72,36.32,5.18,58.66,000015.SH,2005-01-04,2024-12-13
143,中证A500,14.34,50.6,1.49,13.45,2.77,89.55,000510.SH,2024-09-23,2024-12-13
144,500质量,15.28,50.61,2.02,18.27,2.66,94.9,930939.CSI,2018-11-21,2024-12-13
145,科创创业50,37.92,50.7,4.78,40.47,1.19,79.88,931643.CSI,2021-06-01,2024-12-13
146,中证800,14.08,51.13,1.41,20.2,2.73,90.7,000906.SH,2007-01-15,2024-12-13
147,轻工制造(申万),27.55,51.38,1.88,29.62,2.21,94.73,801140.SI,2003-10-16,2024-12-13
148,国企改革,13.68,51.62,1.4,28.71,3.07,75.03,399974.SZ,2014-08-07,2024-12-13
149,印度孟买SENSEX30,23.46,51.68,3.88,93.57,1.12,22.66,SENSEX.BO,1986-01-01,2024-12-13
150,绿色电力,18.9,52.04,1.91,69.64,2.37,33.5,399438.SZ,2014-12-30,2024-12-13
151,沪深300红利,7.61,52.37,0.77,29.16,4.83,67.91,000821.CSI,2012-07-20,2024-12-13
152,中证移动互联,41.32,52.53,3.56,27.6,1.03,75.98,399970.SZ,2014-05-05,2024-12-13
153,MSCI中国A50互联互通,10.64,52.63,1.23,18.48,3.6,91.24,746059.MI,2021-09-17,2024-12-13
154,英国富时100,19.35,52.89,1.76,50.04,3.34,11.09,FTSE.GI,1984-01-03,2024-12-13
155,全指金融地产,8.32,53.11,0.79,25.87,3.61,70.42,000992.SH,2011-08-02,2024-12-13
156,小盘价值,15.98,53.23,1.12,24.85,2.97,74.91,399377.SZ,2010-01-04,2024-12-13
157,内地低碳,27.85,53.23,2.54,28.05,2.04,87.78,000977.CSI,2011-01-21,2024-12-13
158,300全收益,12.65,53.52,1.34,18.47,2.99,90.66,H00300.CSI,,2024-12-13
159,环保(申万),23.24,53.54,1.51,16.33,1.61,91.9,801970.SI,2021-12-13,2024-12-13
160,沪深300,12.65,53.56,1.34,18.51,2.99,90.66,000300.SH,2005-04-08,2024-12-13
161,中国教育,82.79,53.78,4.14,64.47,0.86,42.83,931456.CSI,2020-04-21,2024-12-13
162,中证环保,29.63,53.81,2.36,26.78,1.95,86.75,000827.SH,2012-09-25,2024-12-13
163,深证F120,20.78,54.42,1.98,17.15,2.47,96.96,399702.SZ,2010-05-10,2024-12-13
164,全指信息,55.3,54.5,3.95,44.18,0.79,73.22,000993.SH,2011-08-02,2024-12-13
165,基础化工(申万),24.7,54.67,1.87,22.42,1.68,61.42,801030.SI,2003-10-16,2024-12-13
166,万得全A(除金融、石油石化),31.05,54.79,2.23,24.6,1.75,91.69,881003.WI,2006-06-14,2024-12-13
167,科技龙头,38.96,54.95,4.32,25.11,1.19,91.68,931087.CSI,2019-03-20,2024-12-13
168,CS高端制,36.66,54.98,2.9,32.54,1.29,85.02,930820.CSI,2016-05-11,2024-12-13
169,中证畜牧,28.18,55.18,2.6,3.89,0.98,35.49,930707.CSI,2015-07-13,2024-12-13
170,人工智能,47.8,55.23,4.5,48.78,0.83,78.53,931071.CSI,2014-12-31,2024-12-13
171,恒生医疗保健,33.49,55.24,1.78,6.58,2.43,99.96,HSHCI.HI,2015-08-17,2024-12-13
172,500等权,26.87,55.29,1.8,31.96,1.83,83.71,000982.SH,2011-06-13,2024-12-13
173,中证生科,51.64,55.53,3.49,5.13,1.42,93.32,930743.CSI,2015-08-26,2024-12-13
174,万得全A,18.9,55.61,1.6,20.77,2.17,89.8,881001.WI,2006-06-14,2024-12-13
175,全A平均股价,18.9,55.61,1.6,20.77,2.17,89.8,8841719.WI,2023-08-21,2024-12-13
176,红利低波,6.93,55.78,0.71,33.03,5.19,64.58,h30269.CSI,2013-12-19,2024-12-13
177,红利低波全收益,6.93,55.78,0.71,33.03,5.19,64.58,H20269.CSI,2013-12-19,2024-12-13
178,细分化工,23.36,56.62,2.05,16.83,2.04,89.0,000813.CSI,2012-04-11,2024-12-13
179,中证500,26.87,56.97,1.8,31.96,1.83,83.71,000905.SH,2007-01-15,2024-12-13
180,全指材料,23.08,57.01,1.63,10.94,2.2,91.61,000987.SH,2011-08-02,2024-12-13
181,红利低波100,7.36,57.41,0.76,45.26,4.98,60.35,930955.CSI,2017-05-26,2024-12-13
182,CS人工智,55.25,57.64,4.86,61.55,0.74,77.79,930713.CSI,2015-07-31,2024-12-13
183,港股通高股息(CNY),5.75,58.17,0.52,54.7,7.15,55.26,930915.CSI,2016-11-25,2024-12-13
184,光伏设备(申万),39.13,58.23,2.37,13.16,1.59,88.48,801735.SI,2021-12-13,2024-12-13
185,国防军工(申万),70.45,58.45,3.18,45.5,0.56,94.45,801740.SI,2014-02-21,2024-12-13
186,环保50,28.1,58.58,2.53,28.02,2.03,84.87,930614.CSI,2015-04-07,2024-12-13
187,上证180,11.18,59.03,1.18,27.19,3.23,79.31,000010.SH,2002-07-01,2024-12-13
188,300价值,8.65,59.73,0.91,36.57,4.36,78.24,000919.CSI,2008-01-21,2024-12-13
189,中证新能源,39.15,59.81,2.28,24.37,1.86,88.84,930771.CSI,2015-12-16,2024-12-13
190,新材料,38.36,59.91,2.88,33.1,1.73,90.17,H30597.CSI,2015-02-13,2024-12-13
191,中证全指,18.44,59.98,1.58,23.28,2.22,88.48,000985.CSI,2011-08-02,2024-12-13
192,中证1000,41.73,60.55,2.13,19.42,1.4,94.12,000852.SH,2014-10-17,2024-12-13
193,小盘成长,29.4,61.29,2.28,39.0,1.66,79.31,399376.SZ,2010-01-04,2024-12-13
194,机械设备(申万),32.49,61.5,2.47,48.25,1.29,89.84,801890.SI,2014-02-21,2024-12-13
195,央企创新,13.49,61.61,1.37,90.49,3.42,71.55,000861.CSI,,2024-12-13
196,深证价值,16.51,61.66,1.52,21.27,3.1,84.99,399348.SZ,2009-11-04,2024-12-13
197,国证2000,45.96,61.7,2.23,39.12,1.29,91.98,399303.SZ,2014-03-28,2024-12-13
198,上证50,10.6,62.4,1.17,24.52,3.7,79.43,000016.SH,2004-01-02,2024-12-13
199,汽车(申万),26.03,62.69,2.46,69.85,1.46,39.37,801880.SI,2014-02-21,2024-12-13
200,中证央企红利,7.66,63.55,0.78,41.05,4.57,48.79,000825.CSI,,2024-12-13
201,大盘指数(申万),14.72,63.55,1.5,12.18,3.08,89.63,801811.SI,1999-12-30,2024-12-13
202,MSCI中国A股国际通实时(人民币),13.04,63.85,1.37,27.69,2.88,84.63,716567.CSI,2017-10-23,2024-12-13
203,CS智消费,26.14,64.26,2.97,30.86,1.71,78.38,930648.CSI,2015-06-05,2024-12-13
204,180价值,8.21,64.87,0.87,40.27,4.46,74.33,000029.SH,2009-01-09,2024-12-13
205,深证F60,20.71,65.32,2.03,22.71,2.57,97.53,399701.SZ,2010-05-10,2024-12-13
206,中证体育,41.19,65.33,2.9,27.86,1.78,84.38,399804.SZ,2015-02-09,2024-12-13
207,大盘成长,21.6,65.53,2.91,55.49,2.48,91.98,399372.SZ,2010-01-04,2024-12-13
208,上证指数,14.56,65.73,1.35,28.75,2.64,83.18,000001.SH,1991-07-15,2024-12-13
209,中特估指数,9.06,66.15,0.92,47.14,4.06,76.55,8841681.WI,,2024-12-13
210,小盘指数(申万),31.17,66.19,1.95,42.99,1.47,81.08,801813.SI,1999-12-30,2024-12-13
211,煤炭(申万),12.8,66.38,1.4,53.48,5.67,74.37,801950.SI,2021-12-13,2024-12-13
212,中证军工,74.56,66.97,3.05,40.68,0.6,95.27,399967.SZ,2013-12-26,2024-12-13
213,非银金融(申万),17.37,67.3,1.38,26.78,1.74,51.71,801790.SI,2014-02-21,2024-12-13
214,CS计算机,65.53,67.8,4.33,46.78,0.92,87.35,930651.CSI,2015-06-05,2024-12-13
215,CS电子,46.4,67.85,3.75,59.65,0.87,62.88,930652.CSI,2015-06-05,2024-12-13
216,SEEE碳中和,21.93,68.28,2.02,21.15,2.16,79.24,931755.CSI,2021-10-21,2024-12-13
217,中证煤炭,13.31,68.41,1.62,84.64,5.71,69.62,399998.SZ,2015-02-13,2024-12-13
218,传媒(申万),43.99,68.61,2.82,61.7,1.56,82.23,801760.SI,2014-02-21,2024-12-13
219,动漫游戏,47.77,69.04,3.05,64.89,1.25,73.65,930901.CSI,2016-10-18,2024-12-13
220,农牧渔,33.93,69.04,2.48,15.19,1.0,28.04,930910.CSI,2016-12-12,2024-12-13
221,深证成长,27.61,69.11,3.26,30.6,1.68,95.15,399346.SZ,2009-11-04,2024-12-13
222,500SNLV,23.24,70.03,1.49,59.67,2.11,65.94,930782.CSI,2016-02-04,2024-12-13
223,建筑材料(申万),26.72,72.15,1.2,9.58,2.68,79.47,801710.SI,2014-02-21,2024-12-13
224,智能电车,29.89,72.52,3.28,60.83,1.42,43.02,H11052.CSI,2009-07-22,2024-12-13
225,中证半导,88.2,72.96,5.49,75.11,0.21,19.8,931865.CSI,2016-12-30,2024-12-13
226,300成长,17.85,73.02,2.4,39.37,2.39,93.21,000918.CSI,2008-01-21,2024-12-13
227,ESG120策略,10.86,73.53,1.22,43.76,3.52,73.62,931476.CSI,2020-04-30,2024-12-13
228,500成长估值,17.87,73.89,2.13,59.26,2.05,80.18,930938.CSI,2018-12-04,2024-12-13
229,电子(申万),55.12,74.54,3.59,54.22,0.67,54.3,801080.SI,2003-10-16,2024-12-13
230,科技100,29.01,74.68,3.15,39.79,1.32,69.34,931187.CSI,2019-05-30,2024-12-13
231,香港中小盘,15.57,75.37,1.04,30.53,4.18,85.63,SPHCMSHP.SPI,2005-12-16,2024-12-13
232,CS创新药,49.29,75.51,3.11,12.03,1.37,94.17,931152.CSI,2019-04-22,2024-12-13
233,钢铁(申万),28.34,75.89,1.0,30.81,2.36,47.55,801040.SI,2003-10-16,2024-12-13
234,综合(申万),64.04,76.06,1.68,32.04,1.2,95.02,801230.SI,2003-10-16,2024-12-13
235,AH经济蓝筹,13.95,76.11,1.44,36.15,2.74,75.32,931134.CSI,2019-03-20,2024-12-13
236,中证A50,17.78,76.4,2.09,74.72,2.91,43.91,930050.CSI,2024-01-02,2024-12-13
237,科创板100,263.01,77.51,3.95,67.78,0.68,55.62,000698.SH,2023-08-07,2024-12-13
238,全指成长,17.12,78.28,2.07,46.28,2.59,69.07,000057.SH,2010-01-04,2024-12-13
239,300红利LV,7.85,78.47,0.83,49.49,4.39,53.73,930740.CSI,2018-12-04,2024-12-13
240,云计算,83.63,78.6,4.87,78.35,0.46,37.17,930851.CSI,2016-07-20,2024-12-13
241,消费电子,42.96,79.25,3.33,53.75,0.98,53.93,931494.CSI,2020-06-12,2024-12-13
242,鸡产业指数,37.22,81.07,2.43,10.62,1.34,37.26,884252.WI,2015-12-31,2024-12-13
243,300质量低波,13.48,81.09,1.93,75.88,3.37,59.58,931375.CSI,2019-11-25,2024-12-13
244,商贸零售(申万),39.68,81.65,1.98,52.32,1.34,58.33,801200.SI,2003-10-16,2024-12-13
245,智能制造,41.05,81.73,3.71,49.02,1.08,44.37,930850.CSI,2016-07-20,2024-12-13
246,金融科技,83.91,82.29,5.83,81.42,0.51,21.33,930986.CSI,2017-06-22,2024-12-13
247,国证芯片,94.8,82.51,5.16,46.9,0.2,25.08,980017.CNI,2015-02-17,2024-12-13
248,国证钢铁,38.52,83.9,0.93,22.02,2.77,56.01,399440.SZ,2014-12-30,2024-12-13
249,电子50,45.11,84.29,3.85,63.02,0.94,49.44,931461.CSI,2009-07-22,2024-12-13
250,计算机(申万),73.8,84.82,4.0,53.89,0.7,84.74,801750.SI,2014-02-21,2024-12-13
251,证券公司,29.82,85.36,1.59,40.56,1.27,36.82,399975.SZ,2013-07-15,2024-12-13
252,券商Ⅱ(申万),29.34,85.44,1.52,43.32,1.27,38.5,801193.SI,2003-10-16,2024-12-13
253,万得小市值指数,209.05,86.8,2.28,52.74,1.04,84.16,8841425.WI,2021-01-19,2024-12-13
254,标普500,29.29,89.71,5.22,99.77,1.2,0.55,SPX.GI,1957-03-04,2024-12-13
255,CSSW证券,29.92,89.8,1.6,42.3,1.27,35.03,399707.SZ,2015-04-16,2024-12-13
256,中证全指半导体,107.59,90.87,5.31,71.25,0.22,37.89,h30184.CSI,2013-07-15,2024-12-13
257,风电设备(申万),48.05,92.92,1.53,14.81,1.04,61.5,801736.SI,2021-12-13,2024-12-13
258,科创芯片,168.67,93.78,5.47,91.82,0.16,9.82,000685.SH,2022-06-13,2024-12-13
259,中证钢铁,73.28,93.83,0.88,8.32,2.6,51.99,930606.CSI,2015-03-31,2024-10-30
260,科创50,84.02,94.59,4.59,40.88,0.65,67.59,000688.SH,2020-07-23,2024-12-13
261,500价值稳健,16.03,94.78,1.15,67.27,3.27,44.48,931587.CSI,2020-11-09,2024-12-13
262,180成长,19.74,95.02,2.94,67.38,2.23,66.64,000028.SH,2009-01-09,2024-12-13
263,中韩半导体,89.02,95.03,5.1,78.07,0.2,21.82,931790.CSI,2021-12-20,2024-12-13
264,北证50,52.24,95.3,4.29,94.04,0.92,6.9,899050.BJ,2022-11-21,2024-12-13
265,建筑材料,37.09,95.35,1.02,8.6,2.96,82.64,931009.CSI,2013-07-15,2024-12-13
266,TAMAMA科技指数,39.25,95.71,14.81,98.08,0.27,5.18,8884057.WI,2022-02-10,2024-12-13
267,标普500医疗,38.06,96.48,5.35,83.24,1.71,81.8,S5HLTH.SPI,1996-06-28,2024-12-13
268,芯片产业,113.44,96.83,5.12,74.77,0.18,9.51,H30007.CSI,2012-12-20,2024-12-13
269,纳斯达克100,38.52,97.39,9.88,99.49,0.56,5.81,NDX.GI,1985-02-01,2024-12-13
270,数字经济,68.39,97.39,5.66,59.84,0.55,17.67,931582.CSI,2020-11-09,2024-12-13
271,中证100,15.0,97.41,1.61,76.96,3.09,86.59,000903.SH,2006-05-29,2024-12-13
272,光伏产业,95.64,97.67,1.99,24.54,1.9,79.45,931151.CSI,2019-04-22,2024-12-13
273,费城半导体指数,54.74,97.91,10.87,98.03,0.63,5.55,SOX.GI,,2024-12-13
274,中证2000,83.75,99.08,2.42,99.08,1.02,44.0,932000.CSI,2023-08-11,2024-12-13
275,房地产(申万),42.02,99.3,0.82,13.49,1.43,25.59,801180.SI,2003-10-16,2024-12-13
276,软件指数,250.52,99.34,5.15,35.58,0.55,88.03,h30202.CSI,2013-07-15,2024-12-13
277,标普500信息技术,43.45,99.44,12.72,99.65,0.59,0.16,S5INFT.SPI,1996-06-28,2024-12-13
278,道琼斯工业指数,34.25,99.61,9.32,99.69,0.9,0.31,DJI.GI,1899-12-31,2024-12-13
279,中证旅游,4662.89,99.88,2.44,16.3,0.79,65.08,930633.CSI,2015-05-08,2024-12-13
280,中证全指房地产,297.23,95.75,0.61,0.14,1.96,38.21,931775.CSI,2013-07-15,2024-12-13
